{
    "best_model": "Gradient Boosting",
    "rows": 20902,
    "features": 9,
    "target_positive_rate": 0.17567696871112812,
    "mean_cv_roc_auc": 0.817692830948754,
    "std_cv_roc_auc": 0.00764512293894378
}